{"sig": "49490", "params": {"attack": {"Abkhazia": -0.03010322225044465, "Afghanistan": -1.2762647580258666, "Albania": -0.16274913633977878, "Alderney": -0.0634732972777395, "Algeria": 0.7595640155153336, "American Samoa": -0.7738235786596103, "Andorra": -1.5337424887222155, "Angola": 0.09733110706418933, "Anguilla": -1.3295332835716893, "Antigua and Barbuda": -1.281525524486111, "Argentina": 1.2625013941388625, "Armenia": -0.19147587561241197, "Artsakh": -0.022967764114862073, "Aruba": -0.3792632222062789, "Australia": 0.5936108326964065, "Austria": 0.767995031256417, "Aymara": -0.06236097069520375, "Azerbaijan": -0.28582495672962877, "Bahamas": -1.1972098894839622, "Bahrain": 0.03801144701882932, "Bangladesh": -0.713447139695222, "Barawa": -0.032070440052627554, "Barbados": -0.4047960657083218, "Basque Country": 0.24776045648509581, "Belarus": 0.1864485316926921, "Belgium": 0.9348461561758913, "Belize": -0.31697150195712687, "Benin": 0.11567391735188597, "Bermuda": 0.0418678066168517, "Bhutan": -1.0837625158822555, "Biafra": -0.06774730249482581, "Bolivia": 0.408792438870129, "Bonaire": -0.5669547491453851, "Bosnia and Herzegovina": 0.35497618696736677, "Botswana": -0.44737380929781395, "Brazil": 1.2822891443732047, "British Virgin Islands": -0.7815603169208302, "Brunei": -1.093878861355969, "Bulgaria": 0.19562011778210375, "Burkina Faso": 0.3842477210305026, "Burundi": -0.596122013467236, "Cambodia": -0.29462813948783323, "Cameroon": 0.2567635620685978, "Canada": 0.7890252322038805, "Cape Verde": 0.24267951579935773, "Cascadia": -0.019872667581111024, "Catalonia": -0.028450704429830845, "Cayman Islands": -1.1248937803249415, "Central African Republic": -0.1444574620162251, "Chad": -0.6832341920271864, "Chagos Islands": -0.026769518580646915, "Chameria": 0.0916121041008509, "Chile": 0.7633726078600293, "China": 0.004466665921135829, "Colombia": 1.0901037131621578, "Comoros": -0.12402440888768695, "Congo": -0.32222450896666155, "Cook Islands": -0.497995671486307, "Costa Rica": 0.548012816754137, "Croatia": 0.9152589130209999, "Cuba": -0.3649833733445878, "Cura\u00e7ao": 0.22715135654125226, "Cyprus": -0.07491878384220926, "Czech Republic": 0.5542202324936008, "DR Congo": 0.416896568892757, "Denmark": 0.8806111245407906, "Djibouti": -0.7682029879556441, "Dominica": -0.7539554072897756, "Dominican Republic": 0.25100053908860015, "East Turkestan": 0.4741100138792364, "Ecuador": 0.4259707291353134, "Egypt": 0.4900053321999409, "El Salvador": -0.3565222485434083, "Elba Island": 0.06949379446109871, "England": 0.9932017135373721, "Equatorial Guinea": -0.3818959510913208, "Eritrea": -0.038542463180362876, "Estonia": -0.26630165097398434, "Eswatini": -0.3578824781499886, "Ethiopia": -0.22827885557015437, "Falkland Islands": -0.10223088734959605, "Faroe Islands": -0.38704345326125844, "Fiji": -0.33262724952061273, "Finland": 0.08534489478015496, "France": 1.0725342298570713, "Franconia": -0.023088994751070943, "French Guiana": -0.14719083325217058, "Fr\u00f8ya": -0.5057820566813698, "Gabon": 0.25843300660099827, "Galicia": -0.09430367510585216, "Gambia": 0.32944905099201094, "Georgia": 0.5417020007374694, "Germany": 1.2709402663142906, "Ghana": 0.3175335509758352, "Gibraltar": -0.6857753151369277, "Gozo": -0.14806132748538187, "Greece": 0.6682899477754906, "Greenland": -0.10608475474743334, "Grenada": -0.4051887343673837, "Guadeloupe": 0.06349691683898716, "Guam": -0.406324342579896, "Guatemala": 0.369470893166638, "Guernsey": 0.04930731209294141, "Guinea": 0.10704001035064116, "Guinea-Bissau": -0.6188330440039987, "Guyana": 0.06611565031395308, "Haiti": 0.48546917283772345, "Hitra": 0.4478423953894308, "Hmong": 0.06775327533151622, "Honduras": 0.2010144081337647, "Hong Kong": -0.2354633508094966, "Hungary": 0.45916027769315854, "Iceland": 0.5917575277263809, "India": -0.8879977305185695, "Indonesia": 0.11445977600962128, "Iran": 0.6183097583518812, "Iraq": 0.14870349070735822, "Isle of Man": 1.0203831805273396, "Isle of Wight": 0.08295978725632507, "Israel": 0.6219491566827183, "Italy": 0.7940156464429802, "Ivory Coast": 0.563892360134731, "Jamaica": 0.14536452263300553, "Japan": 1.095407941768019, "Jersey": 0.7141995503026681, "Jordan": 0.6426271355263244, "Kazakhstan": -0.18703170287020465, "Kenya": -0.12185727110274999, "Kernow": 0.007133101998275541, "Kosovo": 0.4867151422203367, "Kuwait": 0.14131280685688213, "Kyrgyzstan": -0.02387519028822691, "Laos": -0.5054816932377231, "Latvia": -0.6786478404251288, "Lebanon": -0.24369221729806767, "Lesotho": -0.4817506064086496, "Liberia": -0.23673821507327864, "Libya": -0.00386429452308637, "Liechtenstein": -1.8395931235384688, "Lithuania": -0.6616254136992826, "Luhansk PR": -0.024200350691831567, "Luxembourg": -0.8092225436473971, "Macau": -1.1188012209641727, "Madagascar": 0.1934917840609402, "Malawi": -0.5191295492754561, "Malaysia": -0.002602939847163664, "Maldives": -1.049635626960414, "Mali": 0.17458745397843078, "Malta": -0.5629243837429265, "Mapuche": -0.024787781494169332, "Marshall Islands": -0.2640224673729715, "Martinique": -0.5362025461975435, "Matabeleland": -0.05253917791115356, "Maule Sur": -0.03017696062056256, "Mauritania": -0.5082446818312574, "Mauritius": -0.7024461715751869, "Mayotte": -0.1212739165054186, "Menorca": 0.007615535990717182, "Mexico": 0.8957075507409095, "Moldova": -0.43353074666863217, "Mongolia": -1.045340921215058, "Montenegro": -0.03316805295533669, "Montserrat": -0.6388725225156712, "Morocco": 0.801365936932916, "Mozambique": 0.1216879917599432, "Myanmar": -0.2756444870128412, "Namibia": -0.6386253430770243, "Nepal": -0.9597059517963376, "Netherlands": 1.0900267663814445, "New Caledonia": 0.10281674087689811, "New Zealand": 0.7005965244254351, "Nicaragua": -0.08153070091443855, "Niger": 0.1644599153303974, "Nigeria": 0.7616315715279393, "North Korea": -0.02707850237871534, "North Macedonia": -0.01662028388200181, "Northern Ireland": 0.1968461055286893, "Northern Mariana Islands": -0.28878420770132535, "Norway": 1.1469216743611579, "Oman": -0.03944820029162504, "Orkney": 0.20028780982014488, "Padania": -0.01762007065081325, "Pakistan": -0.5569128158537128, "Palestine": -0.12995283148280284, "Panama": 0.3441457879463645, "Panjab": -0.0093174399012797, "Papua New Guinea": -0.41242043426542363, "Paraguay": 0.6718513144572545, "Parishes of Jersey": -0.00841441630486246, "Peru": 0.06548667171110747, "Philippines": -0.05635987618176602, "Poland": 0.5518628825354237, "Portugal": 1.1079213125152316, "Puerto Rico": -0.15401982476866366, "Qatar": 0.2732501511821386, "Raetia": 0.37079782668928923, "Republic of Ireland": 0.3213332688724337, "Romania": 0.3777593260121595, "Russia": 0.7209420636009835, "Rwanda": -0.28686068455061464, "R\u00e9union": -0.13081763540641533, "Saint Barth\u00e9lemy": 0.07476664447210606, "Saint Helena": -0.18052241161636184, "Saint Kitts and Nevis": -0.36462714637304094, "Saint Lucia": -0.5700047887290866, "Saint Martin": -0.26493235233815965, "Saint Vincent and the Grenadines": -0.11412827497025665, "Samoa": -0.4010463201634498, "San Marino": -1.3756534396452706, "Saudi Arabia": 0.19560784610606424, "Scotland": 0.4848304338449249, "Senegal": 0.9982049254891595, "Serbia": 0.3655900966035163, "Seychelles": -1.3705493510346567, "Shetland": 0.35326364237879654, "Sierra Leone": -0.25653825960584703, "Singapore": -0.17999618440793103, "Sint Maarten": -0.2565508278855183, "Slovakia": 0.35700955297712494, "Slovenia": 0.11526740170751677, "Solomon Islands": -0.28305183058047756, "Somalia": -1.1266289977295678, "Somaliland": -0.02782257271577655, "South Africa": 0.20692428843791572, "South Korea": 0.592310527368996, "South Ossetia": -0.019109342268851248, "South Sudan": -0.8147768737173927, "Spain": 1.1670405265832327, "Sri Lanka": -1.0299516009421497, "Sudan": -0.5673354534608646, "Suriname": 0.26537966782148076, "Sweden": 0.8678460979438922, "Switzerland": 0.9889455637466572, "Syria": 0.11913258323303165, "Sz\u00e9kely Land": 0.2815816805299095,